{
    "0361": {
        "msd": 0.5986804462413283,
        "hd": 51.24451190127583,
        "hd95": 2.0
    },
    "2080": {
        "msd": 8.440218105325014,
        "hd": 45.803929962395145,
        "hd95": 28.1398270215124
    }
}