{
    "ANOUK_10058": {
        "msd": 1.2303773427789482,
        "hd": 24.515301344262525,
        "hd95": 8.774964387392123
    },
    "ANOUK_10152": {
        "msd": 0.6109327794366355,
        "hd": 8.06225774829855,
        "hd95": 3.0
    },
    "ANOUK_10339": {
        "msd": 0.7856298463308903,
        "hd": 16.401219466856727,
        "hd95": 5.0
    },
    "ANOUK_10361": {
        "msd": 0.3699336476181092,
        "hd": 6.708203932499369,
        "hd95": 2.0
    },
    "ANOUK_10665": {
        "msd": 0.6484073866401397,
        "hd": 26.49528259898354,
        "hd95": 3.7416573867739413
    },
    "ANOUK_10681": {
        "msd": 2.573808010838537,
        "hd": 46.69047011971501,
        "hd95": 20.273134932713294
    },
    "ANOUK_10887": {
        "msd": 0.2890927888236221,
        "hd": 4.123105625617661,
        "hd95": 1.4142135623730951
    },
    "ANOUK_11141": {
        "msd": 0.4153541994998194,
        "hd": 8.774964387392123,
        "hd95": 2.23606797749979
    },
    "ANOUK_12089": {
        "msd": 0.7085218544033245,
        "hd": 19.82422760159901,
        "hd95": 4.242640687119285
    },
    "ANOUK_13154": {
        "msd": 0.606839021611915,
        "hd": 15.362291495737216,
        "hd95": 4.123105625617661
    },
    "ANOUK_13194": {
        "msd": 0.5097326536772081,
        "hd": 5.0990195135927845,
        "hd95": 2.0
    },
    "ANOUK_13240": {
        "msd": 0.3709715043251677,
        "hd": 12.24744871391589,
        "hd95": 2.0
    },
    "ANOUK_13292": {
        "msd": 0.7807805450245646,
        "hd": 28.178005607210743,
        "hd95": 7.0710678118654755
    },
    "ANOUK_13322": {
        "msd": 0.2569969974910953,
        "hd": 4.242640687119285,
        "hd95": 1.4142135623730951
    },
    "ANOUK_13402": {
        "msd": 1.7845131088530204,
        "hd": 24.879710609249457,
        "hd95": 13.674794331177344
    },
    "ANOUK_13424": {
        "msd": 0.5038201001193233,
        "hd": 23.874672772626646,
        "hd95": 2.23606797749979
    },
    "ANOUK_13462": {
        "msd": 0.47614490788642727,
        "hd": 7.874007874011811,
        "hd95": 2.449489742783178
    },
    "ANOUK_13668": {
        "msd": 0.33424881372084103,
        "hd": 4.123105625617661,
        "hd95": 1.4142135623730951
    },
    "ANOUK_13686": {
        "msd": 0.6138031297246799,
        "hd": 12.529964086141668,
        "hd95": 3.3166247903554
    },
    "ANOUK_13728": {
        "msd": 0.3910353833089121,
        "hd": 5.744562646538029,
        "hd95": 2.0
    },
    "ANOUK_13735": {
        "msd": 0.3636226996113363,
        "hd": 4.242640687119285,
        "hd95": 2.0
    },
    "ANOUK_13743": {
        "msd": 0.4048081247744812,
        "hd": 9.38083151964686,
        "hd95": 2.23606797749979
    },
    "ANOUK_13771": {
        "msd": 0.6606849919557718,
        "hd": 14.798648586948742,
        "hd95": 5.0
    },
    "ANOUK_13789": {
        "msd": 0.9546905409207326,
        "hd": 21.307275752662516,
        "hd95": 9.695359714832659
    },
    "ANOUK_13901": {
        "msd": 0.5084235230861536,
        "hd": 11.916375287812984,
        "hd95": 3.3166247903554
    },
    "ANOUK_13989": {
        "msd": 0.691111407102016,
        "hd": 32.69556544854363,
        "hd95": 3.0
    },
    "ANOUK_14099": {
        "msd": 0.7447724474672245,
        "hd": 23.108440016582687,
        "hd95": 6.0
    },
    "ANOUK_14108": {
        "msd": 0.3002636764702593,
        "hd": 15.524174696260024,
        "hd95": 1.4142135623730951
    },
    "ANOUK_14114": {
        "msd": 1.0567367387262623,
        "hd": 15.066519173319364,
        "hd95": 10.099504938362077
    },
    "ANOUK_14120": {
        "msd": 0.31832161340230825,
        "hd": 8.0,
        "hd95": 1.4142135623730951
    },
    "ANOUK_14225": {
        "msd": 0.459262785521094,
        "hd": 11.180339887498949,
        "hd95": 2.23606797749979
    },
    "ANOUK_14344": {
        "msd": 0.31445856389482973,
        "hd": 5.0,
        "hd95": 2.0
    },
    "ANOUK_14361": {
        "msd": 0.5071535182325123,
        "hd": 11.704699910719626,
        "hd95": 2.449489742783178
    },
    "ANOUK_14404": {
        "msd": 0.4386827828733273,
        "hd": 6.0,
        "hd95": 3.0
    },
    "ANOUK_14413": {
        "msd": 0.4652320384098759,
        "hd": 6.324555320336759,
        "hd95": 2.8284271247461903
    },
    "ANOUK_14424": {
        "msd": 0.3539870723970817,
        "hd": 6.6332495807108,
        "hd95": 1.4142135623730951
    },
    "ANOUK_14435": {
        "msd": 0.3072756710107364,
        "hd": 7.14142842854285,
        "hd95": 1.7320508075688772
    },
    "ANOUK_14548": {
        "msd": 1.133228871071175,
        "hd": 35.86084215408221,
        "hd95": 5.0
    },
    "ANOUK_14598": {
        "msd": 0.4152494536456346,
        "hd": 8.06225774829855,
        "hd95": 2.23606797749979
    },
    "ANOUK_14613": {
        "msd": 0.3291001110475746,
        "hd": 6.4031242374328485,
        "hd95": 1.7320508075688772
    },
    "ANOUK_14630": {
        "msd": 0.38409676348321486,
        "hd": 8.12403840463596,
        "hd95": 2.0
    },
    "ANOUK_14634": {
        "msd": 0.3545213495564211,
        "hd": 7.54983443527075,
        "hd95": 2.0
    },
    "ANOUK_14665": {
        "msd": 0.26751892728306087,
        "hd": 3.1622776601683795,
        "hd95": 1.4142135623730951
    },
    "ANOUK_14701": {
        "msd": 0.4617271627725196,
        "hd": 22.38302928559939,
        "hd95": 2.0
    },
    "ANOUK_14722": {
        "msd": 0.46340888054028206,
        "hd": 14.352700094407323,
        "hd95": 3.0
    },
    "ANOUK_14734": {
        "msd": 0.337442046726066,
        "hd": 5.0,
        "hd95": 1.7320508075688772
    },
    "ANOUK_14949": {
        "msd": 0.4442158464793724,
        "hd": 28.160255680657446,
        "hd95": 2.0
    },
    "ANOUK_15054": {
        "msd": 0.41022665958791693,
        "hd": 7.874007874011811,
        "hd95": 2.0
    },
    "ANOUK_15056": {
        "msd": 0.3605566524980301,
        "hd": 9.16515138991168,
        "hd95": 2.0
    },
    "ANOUK_15061": {
        "msd": 0.7069323813548327,
        "hd": 13.45362404707371,
        "hd95": 4.0
    },
    "ANOUK_15260": {
        "msd": 0.42090275360182516,
        "hd": 8.602325267042627,
        "hd95": 1.7320508075688772
    },
    "ANOUK_15399": {
        "msd": 0.5769012475684272,
        "hd": 11.704699910719626,
        "hd95": 3.605551275463989
    },
    "AUH_00361": {
        "msd": 0.49318175952548393,
        "hd": 4.358898943540674,
        "hd95": 2.0
    },
    "AUH_03462": {
        "msd": 2.4521637891535044,
        "hd": 21.470910553583888,
        "hd95": 11.357816691600547
    },
    "AUH_03686": {
        "msd": 1.664063551697987,
        "hd": 13.038404810405298,
        "hd95": 6.082762530298219
    },
    "AUH_04057": {
        "msd": 0.6278229330584281,
        "hd": 4.242640687119285,
        "hd95": 2.0
    },
    "AUH_04079": {
        "msd": 11.327801106692975,
        "hd": 55.767373974394744,
        "hd95": 45.880278987817846
    },
    "AUH_04099": {
        "msd": 1.2858498445536233,
        "hd": 16.673332000533065,
        "hd95": 7.0
    },
    "AUH_04108": {
        "msd": 0.6516906572125207,
        "hd": 12.409673645990857,
        "hd95": 2.0
    },
    "AUH_04120": {
        "msd": 0.8246277596654423,
        "hd": 9.695359714832659,
        "hd95": 3.1622776601683795
    },
    "AUH_04150": {
        "msd": 0.6933712813250181,
        "hd": 8.54400374531753,
        "hd95": 2.449489742783178
    },
    "AUH_04267": {
        "msd": 0.4958600154876998,
        "hd": 3.605551275463989,
        "hd95": 1.4142135623730951
    },
    "AUH_04341": {
        "msd": 0.7907432283996204,
        "hd": 12.24744871391589,
        "hd95": 2.8284271247461903
    },
    "AUH_04722": {
        "msd": 0.6558753092539467,
        "hd": 4.242640687119285,
        "hd95": 2.0
    },
    "AUH_04861": {
        "msd": 0.7364103185926467,
        "hd": 5.0,